"variable","max","mean","median","min","sd"
"Session.Duration",1439.98333333333,8.87889628084419,2.55,0,74.3433391894917
